Title,Author,Item Number,Checkedout Date
Mad.,,i2044241a,12/03/2024
Chess,"Elder, Anne.",i2403912a,09/21/2024
"Our migrant souls : a meditation on race and the meanings and myths of ""Latino""","Tobar, Héctor, 1963-",i2492064a,09/16/2024
I'm sticking with you,"Prasadam-Halls, Smriti.",i2448154a,05/17/2024
I'm sticking with you,"Prasadam-Halls, Smriti.",i2448154a,05/17/2024
I'm sticking with you,"Prasadam-Halls, Smriti.",i2448154a,05/17/2024
I'm sticking with you,"Prasadam-Halls, Smriti.",i2448154a,05/17/2024
I'm sticking with you,"Prasadam-Halls, Smriti.",i2448154a,05/17/2024
I'm sticking with you,"Prasadam-Halls, Smriti.",i2448154a,05/16/2024
I'm sticking with you,"Prasadam-Halls, Smriti.",i2448154a,05/16/2024
I'm sticking with you,"Prasadam-Halls, Smriti.",i2448154a,05/16/2024
I'm sticking with you,"Prasadam-Halls, Smriti.",i2448154a,05/16/2024
The galleons : poems,"Barot, Rick, 1969-",i2387034a,01/17/2024
"The nature of Middle-earth : late writings on the lands, inhabitants, and metaphysics of Middle-earth","Tolkien, J. R. R. (John Ronald Reuel), 1892-1973.",i2422229a,01/17/2024
Mexican Gothic,"Moreno-Garcia, Silvia.",i2379627a,01/17/2024
Frank : sonnets,"Seuss, Diane.",i2401875a,01/17/2024
The equalizer 3 [DVD],,i2514537a,12/18/2023
Chess for beginners,"Tremaine, Jon.",i2441315a,10/18/2023
Testing Title,,i1516109a,09/07/2023
Chromebook: Harmony Library,,i2428873a,08/30/2023
Chromebook: Harmony Library,,i2428873a,08/30/2023
Things that go!,"Magsamen, Sandra.",i2383248a,08/21/2023
Things that go!,"Magsamen, Sandra.",i2383248a,08/21/2023
Things that go!,"Magsamen, Sandra.",i2383248a,08/21/2023
Winning chess strategies,"Seirawan, Yasser, 1960-",i1757655a,08/09/2023
Chess for beginners,"Tremaine, Jon.",i2441315a,08/07/2023
Putin [large print],"Short, Philip.",i2479469a,07/31/2023
Shadows reel [large print],"Box, C. J.",i2474268a,07/31/2023
"Tomorrow, and tomorrow, and tomorrow / Gabrielle Zevin.","Zevin, Gabrielle.",i2463480a,07/27/2023
Shadows reel [large print],"Box, C. J.",i2474268a,06/02/2023
Shadows reel [large print],"Box, C. J.",i2474268a,06/02/2023
Shadows reel [large print],"Box, C. J.",i2474268a,06/02/2023
The intelligent investor : the classic text on value investing,"Graham, Benjamin, 1894-1976.",i2480284a,05/26/2023
My first book of chess tactics,"MacEnulty, David.",i2399803a,05/26/2023
My first book of chess tactics,"MacEnulty, David.",i2399803a,05/26/2023
My first book of chess tactics,"MacEnulty, David.",i2399803a,05/26/2023
My first book of chess tactics,"MacEnulty, David.",i2399803a,05/26/2023
My first book of chess tactics,"MacEnulty, David.",i2399803a,05/26/2023
My first book of chess tactics,"MacEnulty, David.",i2399803a,05/26/2023
Richard III [DVD],,i1473039a,05/22/2023
Chromebook backpack kit,,i2480442a,05/18/2023
Discover pack : Larimer County natural resources.,No holds allowed on this item.  Library pickup only.,i2492364a,05/18/2023
Discover pack : Larimer County natural resources.,No holds allowed on this item.  Library pickup only.,i2492364a,05/18/2023
Shadows reel [large print],"Box, C. J.",i2474268a,05/01/2023
Meet Tracker!,"Smith, Geof.",i2248235a,04/27/2023
"My life in full : work, family, and our future","Nooyi, Indra, 1955-",i2427652a,04/20/2023
Little dinos don't hit,"Dahl, Michael.",i2476919a,04/18/2023
Little dinos don't hit,"Dahl, Michael.",i2476919a,04/18/2023
The destructionists : the twenty-five year crack-up of the Republican Party,"Milbank, Dana.",i2475265a,04/10/2023
Lessons in chemistry : a novel,"Garmus, Bonnie.",i2477218a,04/05/2023
The destructionists : the twenty-five year crack-up of the Republican Party,"Milbank, Dana.",i2475265a,03/17/2023
Shadows reel [large print],"Box, C. J.",i2474268a,03/17/2023
Shadows reel [large print],"Box, C. J.",i2474268a,03/17/2023
Kiosk laptop.,,i2475515a,01/23/2023
Kiosk laptop.,,i2475516a,01/23/2023
Kiosk laptop.,,i2475514a,01/17/2023
Power in numbers : the rebel women of mathematics,"Williams, Talithia.",i2330597a,01/05/2023
Mamma mia!. Here we go again [DVD],,i2312595a,12/12/2022
Sully,,i2231299a,12/12/2022
Sherlock. Season four,,i2235050a,12/12/2022
Mamma mia!. Here we go again [DVD],,i2312595a,12/12/2022
Sully,,i2231299a,12/12/2022
Sherlock. Season four,,i2235050a,12/12/2022
Chromebook backpack kit,,i2464720a,10/17/2022
Chromebook backpack kit,,i2464720a,10/17/2022
Chromebook backpack kit,,i2464720a,10/17/2022
Chromebook backpack kit,,i2464720a,10/17/2022
In the Heights [DVD],,i2419956a,10/17/2022
The last duel [DVD],,i2432289a,10/13/2022
Cyrano [DVD],,i2447122a,10/13/2022
Free guy [DVD],,i2424259a,10/13/2022
In the Heights [DVD],,i2419956a,10/13/2022
Chromebook backpack kit,,i2464720a,10/12/2022
Chromebook backpack kit,,i2464720a,10/12/2022
Chromebook backpack kit,,i2464720a,10/12/2022
Banshee. The complete first season [DVD],,i2222732a,09/29/2022
Ben Affleck. Movie collection [DVD] : binge watch set.  ,,i2414811a,09/13/2022
A farewell to arms : the Hemingway Library edition,"Hemingway, Ernest, 1899-1961.",i2407234a,09/13/2022
Fahrenheit 451,"Bradbury, Ray, 1920-2012.",i2379607a,09/13/2022
The many saints of Newark [DVD],,i2433122a,09/13/2022
Atlas shrugged,"Rand, Ayn.",i2199001a,08/24/2022
The accountant,,i2234011a,08/10/2022
Joseph Campbell and the power of myth [videorecording],,i1952755a,08/08/2022
Avengers. Endgame,,i2342334a,08/08/2022
The masks of God,"Campbell, Joseph, 1904-1987.",i1698374a,07/27/2022
Snowden,,i2234619a,07/19/2022
Snow White & the huntsman [Blu-ray],,i2355813a,06/27/2022
Race [DVD],,i2217337a,06/27/2022
The last full measure [DVD],,i2376683a,06/27/2022
Miss Sloane [DVD],,i2241899a,06/20/2022
Taylor Sheridan. Movie collection [DVD] : binge watch set.,,i2361225a,06/16/2022
The big short,,i2282801a,06/16/2022
The man who fed the world : Nobel Peace Prize laureate Norman Borlaug and his battle to end world hunger : an authorized biography,"Hesser, Leon F., 1925-",i2406809a,05/23/2022
Jane Crow : the life of Pauli Murray,"Rosenberg, Rosalind, 1946-",i2251081a,05/17/2022
Heroes for my son,"Meltzer, Brad.",i1901346a,05/16/2022
My first book of chess tactics,"MacEnulty, David.",i2324136a,05/10/2022
"Ungodly : the passions, torments, and murder of atheist Madalyn Murray O'Hair","Dracos, Ted.",i1503817a,05/10/2022
Wrath of man [DVD],,i2414123a,05/02/2022
,,i2378861a,05/02/2022
Chess : from first moves to checkmate,"King, Daniel.",i2198572a,04/29/2022
Gladiators,"Lee, Adrienne, 1981-",i2067963a,03/08/2022
Camping with unicorns,"Simpson, Dana, 1977-",i2384173a,03/08/2022
The Handmaid's tale. Season three [DVD],,i2353630a,02/15/2022
News of the world [DVD],,i2408538a,02/15/2022
In the Heights [DVD],,i2419960a,02/15/2022
The handmaid's tale. Season two [DVD],,i2318581a,02/15/2022
Land [DVD],,i2409258a,02/15/2022
The handmaid's tale. Season one [DVD],,i2286187a,02/15/2022
News of the world [DVD],,i2408538a,02/15/2022
The Handmaid's tale. Season three [DVD],,i2353630a,02/15/2022
In the Heights [DVD],,i2419960a,02/15/2022
The handmaid's tale. Season two [DVD],,i2318581a,02/15/2022
The handmaid's tale. Season one [DVD],,i2286187a,02/15/2022
Land [DVD],,i2409258a,02/15/2022
A thousand brains : a new theory of intelligence,"Hawkins, Jeff, 1957-",i2402943a,01/14/2022
"What happened, Miss Simone?",,i2220275a,01/13/2022
Yellowstone. Season 1 [DVD],,i2323467a,01/13/2022
Yellowstone. Season 2 [DVD],,i2351619a,12/28/2021
Yellowstone. Season 3 [DVD],,i2400701a,12/28/2021
"Atomic habits : tiny changes, remarkable results : an easy & proven way to build good habits & break bad ones","Clear, James.",i2317554a,12/28/2021
It's About the Music. Movie collection. Volume 1 [DVD] : binge watch set.,,i2351204a,11/05/2021
Roma [DVD],,i2361266a,11/05/2021
Selma [DVD],,i2146389a,11/05/2021
The equalizer 2 [DVD],,i2318455a,11/05/2021
Jurassic World movie collection : binge watch set.,,i2377213a,11/05/2021
Blinded by the Light [DVD],,i2353027a,11/05/2021
Jason Bourne [DVD],,i2234339a,09/22/2021
Fences [DVD],,i2241372a,09/22/2021
Marvel Cinematic Universe (MCU). Movie collection Volume 3. [DVD] : binge watch set. ,,i2394408a,09/07/2021
The man who knew infinity [DVD],,i2217546a,09/07/2021
Star Wars. Movie collection [DVD] : binge watch set.,,i2357787a,09/07/2021
Sicario [DVD],,i2182801a,09/07/2021
Marvel Cinematic Universe (MCU). Movie collection Volume 2. [Bluray] : binge watch set.,,i2393806a,09/07/2021
Once upon a time... in Hollywood,,i2358233a,08/31/2021
The illustrated man,"Bradbury, Ray, 1920-2012.",i1752768a,08/31/2021
Bradbury stories : 100 of his most celebrated tales,"Bradbury, Ray, 1920-2012.",i2352235a,08/31/2021
The Equalizer [DVD],,i2128556a,08/12/2021
The Matrix. Movie collection [DVD] :  Binge Watch Set,,i2341265a,08/12/2021
Die Hard. Movie collection [DVD] : binge watch set.,,i2365136a,08/05/2021
Lincoln [DVD],,i2050132a,06/21/2021
,,i1502177a,06/15/2021
Karaoke system,,i2244402a,06/07/2021
Western stars [Blu-ray],,i2376590a,06/02/2021
Big bang theory. The twelfth and final season [DVD],,i2352722a,06/02/2021
Machine learning : hands-on for developers and technical professionals,"Bell, Jason.",i2163623a,05/20/2021
African American Film Critics Association award winners. Movie collection [DVD] : binge watch set.,,i2399641a,05/20/2021
Hustlers [DVD],,i2356108a,05/20/2021
Die Hard. Movie collection [DVD] : binge watch set.,,i2365136a,05/20/2021
On the basis of sex,,i2328689a,05/20/2021
"The everything running book : from circling the block to completing a marathon, training and techniques to make you a better runner","Liberman, Art.",i1809851a,05/04/2021
"The everything running book : from circling the block to completing a marathon, training and techniques to make you a better runner","Liberman, Art.",i1809851a,05/04/2021
"The everything running book : from circling the block to completing a marathon, training and techniques to make you a better runner","Liberman, Art.",i1809851a,05/04/2021
"The everything running book : from circling the block to completing a marathon, training and techniques to make you a better runner","Liberman, Art.",i1809851a,05/04/2021
"The everything running book : from circling the block to completing a marathon, training and techniques to make you a better runner","Liberman, Art.",i1809851a,05/04/2021
Mexican Gothic,"Moreno-Garcia, Silvia.",i2381100a,05/04/2021
Mustache duckstache,"Young, Amy.",i2395893a,05/04/2021
Everyone's awake,"Meloy, Colin.",i2367466a,05/04/2021
A great big night,"Inglis, Kate, 1973-",i2403055a,05/04/2021
The Islamic enlightenment : the struggle between faith and reason : 1798 to modern times,"De Bellaigue, Christopher, 1971-",i2244673a,05/04/2021
,,i2325094a,05/04/2021
The big bang theory. The complete tenth season [DVD],,i2264231a,05/04/2021
The big bang theory. The complete eleventh season [DVD],,i2310212a,05/04/2021
"The everything running book : from circling the block to completing a marathon, training and techniques to make you a better runner","Liberman, Art.",i1809851a,05/04/2021
The big bang theory. The complete third season [DVD],,i2016985a,04/22/2021
Ant-Man,,i2179574a,04/22/2021
The big bang theory. The complete eighth season [DVD],,i2166881a,04/22/2021
Ant-Man and the Wasp,,i2311615a,04/22/2021
"Guns, germs, and steel [DVD]",,i2066949a,04/14/2021
Baby driver,,i2267509a,04/14/2021
BlacKkKlansman,,i2314010a,04/14/2021
The upside,,i2337725a,04/14/2021
Halloween,,i2319274a,04/14/2021
Avengers. Endgame,,i2342334a,04/14/2021
,,i1653127a,03/17/2021
,,i1653127a,02/22/2021
Marvel's Avengers. Infinity war,,i2309371a,02/22/2021
Concussion,,i2200428a,02/22/2021
Mad Max. Fury road,,i2163715a,02/22/2021
Bohemian rhapsody [DVD],,i2323404a,02/22/2021
Chromebook - DO NOT USE - NO HOLDS,,i2393801a,12/16/2020
Chromebook - DO NOT USE - NO HOLDS,,i2393801a,12/16/2020
Linux in a nutshell.,,i1858832a,09/24/2020
Python basics. level 1,"Roffey, Chris.",i2110661a,09/24/2020
,,i1653127a,09/24/2020
Machine learning : hands-on for developers and technical professionals,"Bell, Jason.",i2163623a,09/24/2020
Central intelligence [DVD],,i2222162a,09/01/2020
The wolf of Wall Street [DVD],,i2094005a,09/01/2020
The accountant,,i2242832a,09/01/2020
The Wolverine [DVD],,i2078757a,08/21/2020
All the money in the world,,i2289713a,08/21/2020
Dunkirk [DVD],,i2276896a,08/21/2020
Alien : Covenant,,i2261242a,08/21/2020
Darkest hour [DVD],,i2285392a,08/18/2020
Unbroken [DVD],,i2143022a,08/18/2020
The Post [DVD],,i2294219a,08/18/2020
Eddie the Eagle,,i2207579a,08/18/2020
True story,,i2160787a,08/18/2020
Café society [DVD],,i2226155a,08/18/2020
,,i2254490a,08/17/2020
,,i2254490a,08/17/2020
The wolf of Wall Street [DVD],,i2094005a,08/17/2020
The accountant,,i2242832a,08/17/2020
Central intelligence [DVD],,i2222162a,08/17/2020
The wolf of Wall Street [DVD],,i2094005a,08/17/2020
The accountant,,i2242832a,08/17/2020
Central intelligence [DVD],,i2222162a,08/17/2020
Central intelligence [DVD],,i2222162a,08/17/2020
The accountant,,i2242832a,08/17/2020
The wolf of Wall Street [DVD],,i2094005a,08/17/2020
The wolf of Wall Street [DVD],,i2094005a,08/17/2020
The accountant,,i2242832a,08/17/2020
Central intelligence [DVD],,i2222162a,08/17/2020
Central intelligence [DVD],,i2222162a,08/13/2020
The accountant,,i2242832a,08/13/2020
The wolf of Wall Street [DVD],,i2094005a,08/13/2020
Central intelligence [DVD],,i2222162a,08/13/2020
The accountant,,i2242832a,08/13/2020
The wolf of Wall Street [DVD],,i2094005a,08/13/2020
Central intelligence [DVD],,i2222162a,08/12/2020
The accountant,,i2242832a,08/12/2020
The wolf of Wall Street [DVD],,i2094005a,08/12/2020
Central intelligence [DVD],,i2222162a,08/12/2020
The accountant,,i2242832a,08/12/2020
The wolf of Wall Street [DVD],,i2094005a,08/12/2020
Central intelligence [DVD],,i2222162a,08/11/2020
The accountant,,i2242832a,08/11/2020
The wolf of Wall Street [DVD],,i2094005a,08/11/2020
Central intelligence [DVD],,i2222162a,08/11/2020
The accountant,,i2242832a,08/11/2020
The wolf of Wall Street [DVD],,i2094005a,08/11/2020
Central intelligence [DVD],,i2222162a,08/11/2020
The accountant,,i2242832a,08/11/2020
The wolf of Wall Street [DVD],,i2094005a,08/11/2020
Central intelligence [DVD],,i2222162a,08/11/2020
The accountant,,i2242832a,08/11/2020
The wolf of Wall Street [DVD],,i2094005a,08/11/2020
Central intelligence [DVD],,i2222162a,08/11/2020
The accountant,,i2242832a,08/11/2020
The wolf of Wall Street [DVD],,i2094005a,08/11/2020
Central intelligence [DVD],,i2222162a,08/11/2020
The accountant,,i2242832a,08/11/2020
The wolf of Wall Street [DVD],,i2094005a,08/11/2020
Central intelligence [DVD],,i2222162a,08/11/2020
The accountant,,i2242832a,08/11/2020
The wolf of Wall Street [DVD],,i2094005a,08/11/2020
Central intelligence [DVD],,i2222162a,08/11/2020
The accountant,,i2242832a,08/11/2020
The wolf of Wall Street [DVD],,i2094005a,08/11/2020
Central intelligence [DVD],,i2222162a,08/11/2020
The accountant,,i2242832a,08/11/2020
The wolf of Wall Street [DVD],,i2094005a,08/11/2020
Growth From microorganisms to megacities,"Smil, Vaclav.",i2350716a,08/10/2020
Green Mars,"Robinson, Kim Stanley.",i2270535a,06/17/2020
,,i1653127a,03/16/2020
The wolf of Wall Street [DVD],,i2094005a,03/04/2020
All the money in the world,,i2289713a,03/04/2020
Central intelligence [DVD],,i2222162a,03/04/2020
Café society [DVD],,i2226155a,03/04/2020
The accountant,,i2242832a,03/04/2020
Alien : Covenant,,i2261242a,03/04/2020
The Wolverine [DVD],,i2078757a,03/04/2020
Unbroken [DVD],,i2143022a,03/04/2020
True story,,i2160787a,03/04/2020
Darkest hour [DVD],,i2288343a,03/04/2020
Eddie the Eagle,,i2207579a,03/04/2020
The Post [DVD],,i2294219a,03/04/2020
Dunkirk [DVD],,i2276896a,03/04/2020
Energy,"Green, Dan, 1975 June 20-",i2207624a,03/04/2020
Arthur's Thanksgiving,"Brown, Marc Tolon.",i1043528a,10/17/2019
The best of us,"Carr, Robyn.",i2333192a,08/26/2019
The mars room,"Kushner, Rachel.",i2297693a,06/14/2019
The language wars : a history of proper English,"Hitchings, Henry, 1974-",i1978801a,06/04/2019
,,i1653127a,06/04/2019
,,i1530702a,05/30/2019
Together is better : a little book of inspiration,"Sinek, Simon.",i2226472a,05/30/2019
,,i1502177a,04/30/2019
,,i1724845a,04/09/2019
The big bang theory. The complete fifth season [DVD],,i2020240a,01/07/2019
The big bang theory. The complete seventh season [DVD],,i2122169a,01/07/2019
The big bang theory. The complete ninth season [DVD],,i2219556a,01/07/2019
The big bang theory. The complete third season [DVD],,i2016986a,01/07/2019
A people's history of the United States,"Zinn, Howard, 1922-2010.",i1923966a,01/07/2019
100 things you can do to stay fit and healthy : simple steps to better your body and improve your mind,"Douglas, Scott, 1964-",i2233610a,12/18/2018
Guy's guide to eating well : a man's cookbook for health and wellness,"Clegg, Holly.",i2296338a,12/18/2018
"Happy haunting, Amelia Bedelia","Parish, Herman.",i1858238a,11/01/2018
The fate of the Tearling : a novel,"Johansen, Erika.",i2231340a,10/26/2018
The Four & Twenty Blackbirds pie book : uncommon recipes from the celebrated Brooklyn pie shop,"Elsen, Emily.",i2100716a,10/26/2018
"Out of the woods : healing from lyme disease for body, mind, and spirit","Makris, Katina I.",i2193602a,10/26/2018
Princess ever after [large print],"Hauck, Rachel, 1960-",i2104051a,10/26/2018
"Buford, the little bighorn","Peet, Bill.",i1710627a,10/26/2018
,,i1710592a,10/26/2018
"The very, very, very long dog","Patton, Julia.",i2277007a,10/26/2018
,,i2239787a,10/26/2018
,,i1747809a,10/26/2018
"Ciphers, codes, algorithms, and keys","La Bella, Laura.",i2243874a,10/26/2018
Chess : from first moves to checkmate,"King, Daniel.",i2198572a,10/26/2018
,,i2239787a,10/26/2018
,,i1747809a,10/26/2018
"Ciphers, codes, algorithms, and keys","La Bella, Laura.",i2243874a,10/26/2018
Chess : from first moves to checkmate,"King, Daniel.",i2198572a,10/26/2018
Chess : from first moves to checkmate,"King, Daniel.",i2198572a,10/23/2018
"Ciphers, codes, algorithms, and keys","La Bella, Laura.",i2243874a,10/23/2018
,,i1747809a,10/23/2018
,,i2239787a,10/23/2018
Chess : from first moves to checkmate,"King, Daniel.",i2198572a,10/23/2018
"Ciphers, codes, algorithms, and keys","La Bella, Laura.",i2243874a,10/23/2018
,,i1747809a,10/23/2018
,,i2239787a,10/23/2018
Chess : from first moves to checkmate,"King, Daniel.",i2198572a,10/23/2018
"Ciphers, codes, algorithms, and keys","La Bella, Laura.",i2243874a,10/23/2018
,,i1747809a,10/23/2018
,,i2239787a,10/23/2018
Chess : from first moves to checkmate,"King, Daniel.",i2198572a,10/22/2018
"Ciphers, codes, algorithms, and keys","La Bella, Laura.",i2243874a,10/22/2018
,,i1747809a,10/22/2018
,,i2239787a,10/22/2018
Chess : from first moves to checkmate,"King, Daniel.",i2198572a,10/22/2018
"Ciphers, codes, algorithms, and keys","La Bella, Laura.",i2243874a,10/22/2018
,,i2239787a,10/22/2018
,,i1747809a,10/22/2018
,,i1653127a,10/12/2018
,,i1653127a,10/12/2018
,,i1653127a,10/12/2018
The math dude's quick and dirty guide to algebra,"Marshall, Jason.",i1962395a,10/11/2018
Bugs Bunny cake pan,,i2228184a,08/16/2018
Say zoop!,"Tullet, Hervé.",i2261781a,08/15/2018
La Granja  [kit] ,,i2218063a,08/15/2018
José! : born to dance : the story of José Limón,"Reich, Susanna.",i2042813a,08/15/2018
,,i2187444a,08/14/2018
Horrible bosses [videorecording],,i1981327a,07/08/2018
Furious 7,,i2171694a,07/08/2018
Logan [DVD],,i2257460a,06/11/2018
Passengers,,i2240141a,06/11/2018
Rise of the planet of the apes [DVD],,i1984637a,06/11/2018
Red. 2 [DVD],,i2084017a,06/11/2018
Dexter. The sixth season [videorecording],,i2016264a,06/04/2018
Horrible bosses [videorecording],,i1981327a,06/04/2018
Indignation [DVD],,i2226857a,06/04/2018
The last black unicorn,"Haddish, Tiffany, 1979-",i2282340a,05/08/2018
Silicon Valley. The complete first season,,i2152374a,04/19/2018
Leaders eat last : why some teams pull together and others don't,"Sinek, Simon.",i2267661a,04/19/2018
Silicon Valley. The complete second season,,i2198196a,04/19/2018
"Ciphers, codes, algorithms, and keys","La Bella, Laura.",i2243874a,02/15/2018
"Ciphers, codes, algorithms, and keys","La Bella, Laura.",i2243874a,02/13/2018
"Ciphers, codes, algorithms, and keys","La Bella, Laura.",i2243874a,01/10/2018
"Ciphers, codes, algorithms, and keys","La Bella, Laura.",i2243874a,01/10/2018
"Ciphers, codes, algorithms, and keys","La Bella, Laura.",i2243874a,12/14/2017
"Ciphers, codes, algorithms, and keys","La Bella, Laura.",i2243874a,12/05/2017
"Ciphers, codes, algorithms, and keys","La Bella, Laura.",i2243874a,11/30/2017
"Ciphers, codes, algorithms, and keys","La Bella, Laura.",i2243874a,11/30/2017
"Ciphers, codes, algorithms, and keys","La Bella, Laura.",i2243874a,11/30/2017
El viajero del siglo,"Neuman, Andrés, 1977-",i2239720a,11/21/2017
El viajero del siglo,"Neuman, Andrés, 1977-",i2239720a,11/21/2017
,,i2239787a,11/07/2017
Radical hope : letters of love and dissent in dangerous times,,i2263506a,11/01/2017
Life of Pi [DVD],,i2047133a,07/03/2017
Chef [DVD],,i2119651a,07/03/2017
The campaign [videorecording],,i2036095a,07/03/2017
A good day to die hard [DVD],,i2232047a,07/03/2017
Bridge of spies [DVD],,i2192066a,07/03/2017
Life of Pi [DVD],,i2047133a,07/03/2017
,,i1653127a,07/03/2017
Everest [DVD],,i2187143a,06/26/2017
The accountant,,i2234008a,05/02/2017
,,i1653127a,04/27/2017
,,i2245377a,04/27/2017
Harry Potter and the cursed child. Parts one and two,"Rowling, J. K.",i2214490a,04/15/2017
,,i2239286a,04/15/2017
Los idilios salvajes,"Sheridan, Guillermo, 1950-",i2245172a,04/15/2017
,,i2245377a,04/15/2017
Los anos con Laura Diaz,"Fuentes, Carlos.",i2238681a,04/15/2017
Café society [DVD],,i2226156a,03/17/2017
Steve Jobs [DVD],,i2193332a,03/17/2017
13 hours : the secret soldiers of Benghazi,,i2205532a,03/17/2017
,,i1580804a,02/28/2017
The souls of Black folk,"Du Bois, W. E. B. (William Edward Burghardt), 1868-1963.",i2162626a,02/23/2017
On the blue shore of silence : poems of the sea = A la orilla azul del silencio,"Neruda, Pablo, 1904-1973.",i1803412a,02/14/2017
Independence day,,i2214814a,02/09/2017
No man's lands : one man's odyssey through The Odyssey,"Huler, Scott.",i1803416a,02/09/2017
Illustrated cabinetmaking : how to design and construct furniture that works,"Hylton, William H.",i1755109a,02/07/2017
Creed [DVD],,i2192178a,02/07/2017
The hateful eight,,i2195188a,02/07/2017
Eddie the Eagle,,i2207580a,02/07/2017
Trainwreck [DVD] : [unrated edition],,i2180443a,02/07/2017
Bad moms [DVD],,i2228807a,02/07/2017
Furious 7,,i2176784a,02/01/2017
Empire. The complete second season.,,i2220193a,01/27/2017
Bridget Jones's baby [DVD],,i2233341a,01/12/2017
"My brilliant friend : childhood, adolescence","Ferrante, Elena.",i2187028a,01/11/2017
The remains of the day,"Ishiguro, Kazuo, 1954-",i1503658a,01/11/2017
The remains of the day,"Ishiguro, Kazuo, 1954-",i1503658a,01/11/2017
The remains of the day,"Ishiguro, Kazuo, 1954-",i1503658a,01/11/2017
End of watch : a novel,"King, Stephen, 1947-",i2205411a,01/11/2017
"My brilliant friend : childhood, adolescence","Ferrante, Elena.",i2187028a,01/11/2017
The remains of the day,"Ishiguro, Kazuo, 1954-",i1503658a,01/11/2017
End of watch : a novel,"King, Stephen, 1947-",i2205411a,01/11/2017
,,i1905020a,01/05/2017
Sister Bernadette's barking dog : the quirky history and lost art of diagramming sentences,"Florey, Kitty Burns.",i1646542a,01/05/2017
,,i1877841a,12/21/2016
The magnificent seven (2016),,i2231138a,12/20/2016
Chess success : planning after the opening,"McDonald, Neil.",i1736206a,12/20/2016
You are a badass : how to stop doubting your greatness and start living an awesome life,"Sincero, Jen, 1965-",i2189254a,12/20/2016
,,i1530701a,12/20/2016
House beautiful : decorating with books : use your library to enhance your decor,"Proeller Hueston, Marie.",i1989034a,12/19/2016
Empire. The complete first season,,i2182478a,12/14/2016
Furious 7,,i2171687a,12/14/2016
The Martian,,i2187631a,12/02/2016
The End of the tour [DVD],,i2184733a,11/28/2016
The End of the tour [DVD],,i2184733a,11/17/2016
,,i1700023a,11/15/2016
,,i1905020a,11/10/2016
,,i1530701a,11/04/2016
,,i1769172a,11/04/2016
,,i1905020a,11/04/2016
Deadpool [DVD],,i2201253a,11/04/2016
Mountain biking Colorado's Front Range : a guide to the area's greatest off-road bicycle rides,"Hlawaty, Stephen.",i2132891a,11/03/2016
,,i1170545a,11/03/2016
Whiplash [DVD],,i2140345a,11/03/2016
Trainwreck [DVD] : [unrated edition],,i2180452a,11/03/2016
A history of architecture in 100 buildings,"Cruickshank, Dan.",i2186850a,10/31/2016
The $10 trillion prize : captivating the newly affluent in China and India,,i2045521a,10/31/2016
Fabricated : the new world of 3D printing,"Lipson, Hod.",i2074557a,10/31/2016
,,i2168355a,08/26/2016
,,i1796146a,08/26/2016
Homeland. The complete third season [DVD],,i2116378a,08/26/2016
22 Jump Street [DVD],,i2122531a,08/26/2016
The master [DVD],,i2041839a,08/26/2016
Dear white people,,i2130891a,08/26/2016
Life of Pi [DVD],,i2041104a,08/26/2016
Captain Phillips [DVD],,i2081863a,08/26/2016
Draft day,,i2120263a,08/26/2016
Between the world and me,"Coates, Ta-Nehisi.",i2162733a,07/28/2016
Danny Collins,,i2158780a,06/24/2016
Birdman [DVD] : or (the unexpected virtue of ignorance),,i2140362a,06/24/2016
Enough said [DVD],,i2086442a,06/24/2016
Mad Max. Fury road,,i2163714a,06/24/2016
"Advanced chess : rules, skills, tactics and strategic play, a complete step-by-step guide to mastering the game, with more than 300 practical photographs and artworks","Saunders, John, 1953-",i1851478a,06/03/2016
,,i1273008a,05/28/2016
,,i1273008a,05/28/2016
Ten white geese : a novel,"Bakker, Gerbrand, 1962-",i2042039a,05/28/2016
Summerlong,"Bakopoulos, Dean.",i2154586a,05/28/2016
The green shore,"Bakopoulos, Natalie.",i2006248a,05/28/2016
Summerlong,"Bakopoulos, Dean.",i2154585a,05/28/2016
A lasting impression,"Alexander, Tamera.",i1976194a,05/28/2016
The revenant,,i2198188a,05/02/2016
,,i1829965a,04/04/2016
,,i1502177a,03/30/2016
Red. 2 [DVD],,i2084017a,03/30/2016
"Anthony Bourdain, no reservations. Collection 5, part 1 [videorecording].",,i1946459a,03/30/2016
,,i1839551a,03/30/2016
Furious 7,,i2171696a,03/22/2016
The future of God : a practical approach to spirituality for our times,"Chopra, Deepak.",i2122346a,03/04/2016
How to deliver a TED talk : secrets of the world's most inspiring presentations,"Donovan, Jeremey.",i2095347a,02/23/2016
,,i1769171a,02/23/2016
How to deliver a TED talk : secrets of the world's most inspiring presentations,"Donovan, Jeremey.",i2095347a,02/01/2016
Talk like TED : the 9 public-speaking secrets of the world's top minds,"Gallo, Carmine.",i2138696a,01/19/2016
The Big bang theory. The complete fourth season [DVD],,i2120308a,01/18/2016
The big bang theory. The complete second season [DVD],,i2016984a,01/18/2016
The big bang theory. The complete third season [DVD],,i2016986a,01/07/2016
The big bang theory. The complete first season [DVD],,i2016981a,12/30/2015
The residence : inside the private world of the White House,"Brower, Kate Andersen.",i2153387a,11/24/2015
The newsroom. The complete second season [DVD],,i2132719a,11/02/2015
The newsroom. The complete first season [DVD],,i2084743a,11/02/2015
Start with why : how great leaders inspire everyone to take action,"Sinek, Simon.",i2039732a,10/19/2015
Game of thrones. The complete first season [DVD],,i2000249a,10/09/2015
The Age of Big Data [videorecording],,i2150455a,10/09/2015
Game of thrones. The complete fourth season [DVD],,i2131961a,09/23/2015
Game of thrones. The complete third season [DVD],,i2085763a,09/23/2015
Game of thrones. The complete second season [DVD],,i2039257a,09/23/2015
"How children succeed : grit, curiosity, and the hidden power of character","Tough, Paul",i2025020a,09/23/2015
,,i1598746a,09/23/2015
The smartest kids in the world : and how they got that way,"Ripley, Amanda.",i2071250a,09/23/2015
The death and life of the great American school system : how testing and choice are undermining education,"Ravitch, Diane.",i1892458a,09/23/2015
,,i1530701a,08/07/2015
On immunity : an inoculation,"Biss, Eula.",i2132372a,07/27/2015
Improve your chess in 7 days,"Lane, Gary.",i1682718a,07/15/2015
,,i1530701a,07/15/2015
,,i1373723a,07/15/2015
"Elliott's chess school. Level 1, Pawn level [videorecording].",,i1941009a,07/15/2015
Bobby Fischer against the world [videorecording],,i1980625a,07/15/2015
On immunity : an inoculation,"Biss, Eula.",i2132372a,07/08/2015
,,i1787845a,07/06/2015
Salt water taffy : the seaside adventures of Jack and Benny,"Loux, Matthew.",i1872309a,07/06/2015
,,i1787916a,07/06/2015
Attack of the 50 foot girl!,"Parker, Jeff, 1966-",i2153692a,07/06/2015
,,i2111149a,07/03/2015
,,i2111149a,07/03/2015
,,i1628294a,06/25/2015
What if? : serious scientific answers to absurd hypothetical questions,"Munroe, Randall.",i2115193a,06/23/2015
The magic of reality : how we know what's really true,"Dawkins, Richard, 1941-",i1971906a,06/23/2015
"Hyperbole and a half : unfortunate situations, flawed coping mechanisms, mayhem, and other things that happened","Brosh, Allie.",i2081211a,06/23/2015
Homeland. The complete third season [DVD],,i2112786a,06/11/2015
,,i1650294a,06/10/2015
All the light we cannot see : a novel,"Doerr, Anthony, 1973-",i2126648a,05/26/2015
"20,000 leagues under the sea : Jules Verne's classic tale","Miller, Ron, 1947-",i1786853a,05/26/2015
,,i1613669a,05/26/2015
"20,000 leagues under the sea : Jules Verne's classic tale","Miller, Ron, 1947-",i1786853a,05/26/2015
"The world atlas of coffee : from beans to brewing : coffees explored, explained and enjoyed","Hoffmann, James.",i2145499a,05/20/2015
,,i1905019a,05/20/2015
Team of rivals : the political genius of Abraham Lincoln,"Goodwin, Doris Kearns.",i2031446a,05/20/2015
,,i1905019a,05/08/2015
"The world atlas of coffee : from beans to brewing : coffees explored, explained and enjoyed","Hoffmann, James.",i2145499a,05/08/2015
,,i1812703a,04/07/2015
,,i1396507a,04/07/2015
,,i1818572a,04/07/2015
You will be my friend!,"Brown, Peter, 1979-",i1967711a,04/06/2015
Mr. Tiger goes wild,"Brown, Peter, 1979-",i2065967a,04/06/2015
,,i1776649a,04/06/2015
Clifford's first snow day,"Bridwell, Norman.",i1776687a,04/06/2015
Biscuit takes a walk,"Capucilli, Alyssa Satin, 1957-",i1907105a,04/06/2015
Small pig,"Lobel, Arnold.",i1782800a,04/06/2015
,,i1396507a,04/06/2015
Manners time,"Verdick, Elizabeth.",i1882583a,04/06/2015
,,i1818572a,04/06/2015
Dark witch,"Roberts, Nora.",i2073699a,04/06/2015
Hearts and hooves,"Fox, Jennifer, 1976-",i2108340a,04/06/2015
,,i1812703a,04/06/2015
,,i1810227a,04/06/2015
,,i1609205a,04/06/2015
,,i1657336a,04/06/2015
Liberty's torch : the great adventure to build the Statue of Liberty,"Mitchell, Elizabeth, 1966-",i2108555a,04/06/2015
A son of the circus,"Irving, John, 1942-",i1755908a,04/06/2015
W is for wasted,"Grafton, Sue, 1940-2017.",i2070626a,04/06/2015
You will be my friend!,"Brown, Peter, 1979-",i1967711a,04/06/2015
Mr. Tiger goes wild,"Brown, Peter, 1979-",i2065967a,04/06/2015
,,i1776649a,04/06/2015
Clifford's first snow day,"Bridwell, Norman.",i1776687a,04/06/2015
Biscuit takes a walk,"Capucilli, Alyssa Satin, 1957-",i1907105a,04/06/2015
Small pig,"Lobel, Arnold.",i1782800a,04/06/2015
,,i1396507a,04/06/2015
Manners time,"Verdick, Elizabeth.",i1882583a,04/06/2015
,,i1818572a,04/06/2015
Dark witch,"Roberts, Nora.",i2073699a,04/06/2015
Hearts and hooves,"Fox, Jennifer, 1976-",i2108340a,04/06/2015
,,i1812703a,04/06/2015
,,i1810227a,04/06/2015
,,i1609205a,04/06/2015
,,i1657336a,04/06/2015
Liberty's torch : the great adventure to build the Statue of Liberty,"Mitchell, Elizabeth, 1966-",i2108555a,04/06/2015
A son of the circus,"Irving, John, 1942-",i1755908a,04/06/2015
W is for wasted,"Grafton, Sue, 1940-2017.",i2070626a,04/06/2015
You will be my friend!,"Brown, Peter, 1979-",i1967711a,04/06/2015
Mr. Tiger goes wild,"Brown, Peter, 1979-",i2065967a,04/06/2015
,,i1776649a,04/06/2015
Clifford's first snow day,"Bridwell, Norman.",i1776687a,04/06/2015
Biscuit takes a walk,"Capucilli, Alyssa Satin, 1957-",i1907105a,04/06/2015
Small pig,"Lobel, Arnold.",i1782800a,04/06/2015
,,i1396507a,04/06/2015
Manners time,"Verdick, Elizabeth.",i1882583a,04/06/2015
,,i1818572a,04/06/2015
Dark witch,"Roberts, Nora.",i2073699a,04/06/2015
Hearts and hooves,"Fox, Jennifer, 1976-",i2108340a,04/06/2015
,,i1812703a,04/06/2015
,,i1810227a,04/06/2015
,,i1609205a,04/06/2015
,,i1657336a,04/06/2015
Liberty's torch : the great adventure to build the Statue of Liberty,"Mitchell, Elizabeth, 1966-",i2108555a,04/06/2015
A son of the circus,"Irving, John, 1942-",i1755908a,04/06/2015
W is for wasted,"Grafton, Sue, 1940-2017.",i2070626a,04/06/2015
You will be my friend!,"Brown, Peter, 1979-",i1967711a,04/06/2015
Mr. Tiger goes wild,"Brown, Peter, 1979-",i2065967a,04/06/2015
,,i1776649a,04/06/2015
Clifford's first snow day,"Bridwell, Norman.",i1776687a,04/06/2015
Biscuit takes a walk,"Capucilli, Alyssa Satin, 1957-",i1907105a,04/06/2015
Small pig,"Lobel, Arnold.",i1782800a,04/06/2015
,,i1396507a,04/06/2015
Manners time,"Verdick, Elizabeth.",i1882583a,04/06/2015
,,i1818572a,04/06/2015
Dark witch,"Roberts, Nora.",i2073699a,04/06/2015
Hearts and hooves,"Fox, Jennifer, 1976-",i2108340a,04/06/2015
,,i1812703a,04/06/2015
,,i1810227a,04/06/2015
,,i1609205a,04/06/2015
,,i1657336a,04/06/2015
Liberty's torch : the great adventure to build the Statue of Liberty,"Mitchell, Elizabeth, 1966-",i2108555a,04/06/2015
A son of the circus,"Irving, John, 1942-",i1755908a,04/06/2015
W is for wasted,"Grafton, Sue, 1940-2017.",i2070626a,04/06/2015
You will be my friend!,"Brown, Peter, 1979-",i1967711a,04/06/2015
Mr. Tiger goes wild,"Brown, Peter, 1979-",i2065967a,04/06/2015
,,i1776649a,04/06/2015
Clifford's first snow day,"Bridwell, Norman.",i1776687a,04/06/2015
Biscuit takes a walk,"Capucilli, Alyssa Satin, 1957-",i1907105a,04/06/2015
Small pig,"Lobel, Arnold.",i1782800a,04/06/2015
,,i1396507a,04/06/2015
Manners time,"Verdick, Elizabeth.",i1882583a,04/06/2015
,,i1818572a,04/06/2015
Dark witch,"Roberts, Nora.",i2073699a,04/06/2015
Hearts and hooves,"Fox, Jennifer, 1976-",i2108340a,04/06/2015
,,i1812703a,04/06/2015
,,i1810227a,04/06/2015
,,i1609205a,04/06/2015
,,i1657336a,04/06/2015
Liberty's torch : the great adventure to build the Statue of Liberty,"Mitchell, Elizabeth, 1966-",i2108555a,04/06/2015
A son of the circus,"Irving, John, 1942-",i1755908a,04/06/2015
W is for wasted,"Grafton, Sue, 1940-2017.",i2070626a,04/06/2015
You will be my friend!,"Brown, Peter, 1979-",i1967711a,04/06/2015
Mr. Tiger goes wild,"Brown, Peter, 1979-",i2065967a,04/06/2015
,,i1776649a,04/06/2015
Clifford's first snow day,"Bridwell, Norman.",i1776687a,04/06/2015
Biscuit takes a walk,"Capucilli, Alyssa Satin, 1957-",i1907105a,04/06/2015
Small pig,"Lobel, Arnold.",i1782800a,04/06/2015
,,i1396507a,04/06/2015
Manners time,"Verdick, Elizabeth.",i1882583a,04/06/2015
,,i1818572a,04/06/2015
Dark witch,"Roberts, Nora.",i2073699a,04/06/2015
Hearts and hooves,"Fox, Jennifer, 1976-",i2108340a,04/06/2015
,,i1812703a,04/06/2015
,,i1810227a,04/06/2015
,,i1609205a,04/06/2015
,,i1657336a,04/06/2015
Liberty's torch : the great adventure to build the Statue of Liberty,"Mitchell, Elizabeth, 1966-",i2108555a,04/06/2015
A son of the circus,"Irving, John, 1942-",i1755908a,04/06/2015
W is for wasted,"Grafton, Sue, 1940-2017.",i2070626a,04/06/2015
You will be my friend!,"Brown, Peter, 1979-",i1967711a,04/06/2015
Mr. Tiger goes wild,"Brown, Peter, 1979-",i2065967a,04/06/2015
,,i1776649a,04/06/2015
Clifford's first snow day,"Bridwell, Norman.",i1776687a,04/06/2015
Biscuit takes a walk,"Capucilli, Alyssa Satin, 1957-",i1907105a,04/06/2015
Small pig,"Lobel, Arnold.",i1782800a,04/06/2015
,,i1396507a,04/06/2015
Manners time,"Verdick, Elizabeth.",i1882583a,04/06/2015
,,i1818572a,04/06/2015
Dark witch,"Roberts, Nora.",i2073699a,04/06/2015
Hearts and hooves,"Fox, Jennifer, 1976-",i2108340a,04/06/2015
,,i1812703a,04/06/2015
,,i1810227a,04/06/2015
,,i1609205a,04/06/2015
,,i1657336a,04/06/2015
Liberty's torch : the great adventure to build the Statue of Liberty,"Mitchell, Elizabeth, 1966-",i2108555a,04/06/2015
A son of the circus,"Irving, John, 1942-",i1755908a,04/06/2015
W is for wasted,"Grafton, Sue, 1940-2017.",i2070626a,04/06/2015
Jack,"DePaola, Tomie, 1934-2020.",i2116802a,04/01/2015
The promise,"Davies, Nicola, 1958-",i2122021a,04/01/2015
"Preserving local writers, genealogy, photographs, newspapers, and related materials",,i2022614a,04/01/2015
Gentlemen scientists and revolutionaries : the founding fathers in the age of enlightenment,"Shachtman, Tom, 1942-",i2133908a,04/01/2015
Jack,"DePaola, Tomie, 1934-2020.",i2116802a,04/01/2015
The promise,"Davies, Nicola, 1958-",i2122021a,04/01/2015
"Preserving local writers, genealogy, photographs, newspapers, and related materials",,i2022614a,04/01/2015
Gentlemen scientists and revolutionaries : the founding fathers in the age of enlightenment,"Shachtman, Tom, 1942-",i2133908a,04/01/2015
Jack,"DePaola, Tomie, 1934-2020.",i2116802a,04/01/2015
The promise,"Davies, Nicola, 1958-",i2122021a,04/01/2015
"Preserving local writers, genealogy, photographs, newspapers, and related materials",,i2022614a,04/01/2015
Gentlemen scientists and revolutionaries : the founding fathers in the age of enlightenment,"Shachtman, Tom, 1942-",i2133908a,04/01/2015
Jack,"DePaola, Tomie, 1934-2020.",i2116802a,04/01/2015
The promise,"Davies, Nicola, 1958-",i2122021a,04/01/2015
"Preserving local writers, genealogy, photographs, newspapers, and related materials",,i2022614a,04/01/2015
Gentlemen scientists and revolutionaries : the founding fathers in the age of enlightenment,"Shachtman, Tom, 1942-",i2133908a,04/01/2015
Jack,"DePaola, Tomie, 1934-2020.",i2116802a,04/01/2015
The promise,"Davies, Nicola, 1958-",i2122021a,04/01/2015
"Preserving local writers, genealogy, photographs, newspapers, and related materials",,i2022614a,04/01/2015
Gentlemen scientists and revolutionaries : the founding fathers in the age of enlightenment,"Shachtman, Tom, 1942-",i2133908a,04/01/2015
Jack,"DePaola, Tomie, 1934-2020.",i2116802a,04/01/2015
The promise,"Davies, Nicola, 1958-",i2122021a,04/01/2015
"Preserving local writers, genealogy, photographs, newspapers, and related materials",,i2022614a,04/01/2015
Gentlemen scientists and revolutionaries : the founding fathers in the age of enlightenment,"Shachtman, Tom, 1942-",i2133908a,04/01/2015
Jack,"DePaola, Tomie, 1934-2020.",i2116802a,04/01/2015
The promise,"Davies, Nicola, 1958-",i2122021a,04/01/2015
"Preserving local writers, genealogy, photographs, newspapers, and related materials",,i2022614a,04/01/2015
Gentlemen scientists and revolutionaries : the founding fathers in the age of enlightenment,"Shachtman, Tom, 1942-",i2133908a,04/01/2015
Jack,"DePaola, Tomie, 1934-2020.",i2116802a,04/01/2015
The promise,"Davies, Nicola, 1958-",i2122021a,04/01/2015
"Preserving local writers, genealogy, photographs, newspapers, and related materials",,i2022614a,04/01/2015
Gentlemen scientists and revolutionaries : the founding fathers in the age of enlightenment,"Shachtman, Tom, 1942-",i2133908a,04/01/2015
Gentlemen scientists and revolutionaries : the founding fathers in the age of enlightenment,"Shachtman, Tom, 1942-",i2133908a,04/01/2015
Gentlemen scientists and revolutionaries : the founding fathers in the age of enlightenment,"Shachtman, Tom, 1942-",i2133908a,04/01/2015
Gentlemen scientists and revolutionaries : the founding fathers in the age of enlightenment,"Shachtman, Tom, 1942-",i2133908a,04/01/2015
Gentlemen scientists and revolutionaries : the founding fathers in the age of enlightenment,"Shachtman, Tom, 1942-",i2133908a,04/01/2015
Gentlemen scientists and revolutionaries : the founding fathers in the age of enlightenment,"Shachtman, Tom, 1942-",i2133908a,04/01/2015
Gentlemen scientists and revolutionaries : the founding fathers in the age of enlightenment,"Shachtman, Tom, 1942-",i2133908a,04/01/2015
Gentlemen scientists and revolutionaries : the founding fathers in the age of enlightenment,"Shachtman, Tom, 1942-",i2133908a,04/01/2015
Gentlemen scientists and revolutionaries : the founding fathers in the age of enlightenment,"Shachtman, Tom, 1942-",i2133908a,04/01/2015
,,i1628294a,03/31/2015
,,i1628294a,03/31/2015
,,i1628294a,03/31/2015
,,i1628294a,03/31/2015
,,i1628294a,03/31/2015
,,i1628294a,03/31/2015
,,i1628294a,03/31/2015
,,i1628294a,03/31/2015
,,i1628294a,03/27/2015
,,i1628294a,03/27/2015
,,i1628294a,03/27/2015
,,i1628294a,03/26/2015
,,i1628294a,03/26/2015
,,i1628294a,03/26/2015
,,i1628294a,03/26/2015
,,i1628294a,03/26/2015
,,i1628294a,03/26/2015
,,i1628294a,03/26/2015
,,i1628294a,03/26/2015
,,i1628294a,03/26/2015
,,i1628294a,03/26/2015
Argo [DVD],,i2046118a,02/16/2015
,,i1747809a,02/12/2015
,,i1747809a,02/12/2015
"Letter to a future lover : marginalia, errata, secrets, inscriptions, and other ephemera found in libraries","Monson, Ander.",i2131605a,02/09/2015
"Coffee : a comprehensive guide to the bean, the beverage, and the industry",,i2103351a,01/14/2015
,,i1862936a,12/24/2014
To sell is human : the surprising truth about moving others,"Pink, Daniel H.",i2033505a,12/24/2014
,,i1905020a,12/24/2014
Energy,"Challoner, Jack.",i2007816a,12/24/2014
Chess : from first moves to checkmate,"King, Daniel.",i1790213a,12/24/2014
"Energy : green science projects about solar, wind, and water power","Gardner, Robert, 1929-",i2046774a,12/24/2014
Harry Potter and the Deathly Hallows. Part 1 [DVD],,i1983140a,12/03/2014
The heat [videorecording],,i2071490a,12/03/2014
Tinker tailor soldier spy [DVD],,i1990078a,12/03/2014
Winning chess strategies,"Seirawan, Yasser, 1960-",i1757655a,11/26/2014
,,i1862936a,11/26/2014
,,i1862936a,11/21/2014
Winning chess strategies,"Seirawan, Yasser, 1960-",i1757655a,11/21/2014
The making of Star Wars : the definitive story behind the original film : based on the lost interviews from the official Lucasfilm archives,"Rinzler, J. W.",i1767494a,11/21/2014
The making of Star Wars : the definitive story behind the original film : based on the lost interviews from the official Lucasfilm archives,"Rinzler, J. W.",i1767494a,11/21/2014
,,i1862936a,11/21/2014
Winning chess strategies,"Seirawan, Yasser, 1960-",i1757655a,11/21/2014
The making of Star Wars : the definitive story behind the original film : based on the lost interviews from the official Lucasfilm archives,"Rinzler, J. W.",i1767494a,11/20/2014
To sell is human : the surprising truth about moving others,"Pink, Daniel H.",i2033505a,11/19/2014
The making of Star Wars : the definitive story behind the original film : based on the lost interviews from the official Lucasfilm archives,"Rinzler, J. W.",i1767494a,10/30/2014
Lincoln [DVD],,i2043182a,10/24/2014
,,i1741354a,10/24/2014
,,i1882951a,10/24/2014
Rush [DVD],,i2086249a,10/24/2014
,,i1862936a,10/24/2014
Winning chess strategies,"Seirawan, Yasser, 1960-",i1757655a,10/23/2014
,,i1862936a,10/23/2014
Winning chess strategies,"Seirawan, Yasser, 1960-",i1757655a,10/23/2014
,,i1862936a,10/23/2014
,,i1862936a,10/22/2014
Winning chess strategies,"Seirawan, Yasser, 1960-",i1757655a,10/22/2014
,,i1862936a,10/22/2014
Winning chess strategies,"Seirawan, Yasser, 1960-",i1757655a,10/22/2014
,,i1862936a,10/14/2014
Winning chess strategies,"Seirawan, Yasser, 1960-",i1757655a,10/14/2014
,,i1862936a,10/14/2014
Winning chess strategies,"Seirawan, Yasser, 1960-",i1757655a,10/14/2014
Winning chess strategies,"Seirawan, Yasser, 1960-",i1757655a,10/13/2014
,,i1862936a,10/13/2014
Winning chess strategies,"Seirawan, Yasser, 1960-",i1757655a,10/08/2014
The portable atheist : essential readings for the nonbeliever,,i2029213a,10/06/2014
,,i1905019a,09/25/2014
Winning chess strategies,"Seirawan, Yasser, 1960-",i1757655a,09/25/2014
,,i1650618a,09/25/2014
Nomad : from Islam to America--a personal journey through the clash of civilizations,"Hirsi Ali, Ayaan, 1969-",i1895743a,09/25/2014
Peter Drucker on the profession of management,"Drucker, Peter Ferdinand, 1909-2005.",i1376863a,09/25/2014
,,i1628294a,09/04/2014
,,i1747809a,09/04/2014
,,i1628294a,09/04/2014
,,i1747809a,09/04/2014
Start with why : how great leaders inspire everyone to take action,"Sinek, Simon.",i2110880a,09/03/2014
,,i1747809a,09/03/2014
,,i1628294a,09/03/2014
Blink [sound recording] : [the power of thinking without thinking],"Gladwell, Malcolm, 1963-",i1909846a,08/29/2014
Winning chess strategies,"Seirawan, Yasser, 1960-",i1757655a,08/21/2014
Chess success : planning after the opening,"McDonald, Neil.",i1853705a,08/21/2014
,,i1764254a,08/21/2014
,,i1862936a,08/21/2014
On writing : a memoir of the craft,"King, Stephen, 1947-",i2011443a,08/21/2014
,,i1905019a,08/20/2014
,,i2110577a,08/18/2014
,,i2110577a,08/18/2014
Creative confidence : unleashing the creative potential within us all,"Kelley, David, 1951-",i2074612a,08/13/2014
iPad for staff use - STAFF USE ONLY,,i2051007a,08/05/2014
,,i1637074a,07/27/2014
True blood. The complete fourth season [DVD],,i2014251a,07/17/2014
42 [DVD] : the Jackie Robinson story,,i2063513a,07/17/2014
True blood : The complete fifth season [DVD],,i2051997a,07/17/2014
Steal like an artist : 10 things nobody told you about being creative,"Kleon, Austin.",i2071750a,07/14/2014
The creative habit : learn it and use it for life : a practical guide,"Tharp, Twyla.",i1527825a,07/14/2014
The Muppets [DVD],,i1997912a,07/14/2014
"Star wars, the clone wars. The complete season two [DVD]",,i1919874a,07/14/2014
,,i1764254a,07/09/2014
Chess success : planning after the opening,"McDonald, Neil.",i1853705a,07/09/2014
Winning chess strategies,"Seirawan, Yasser, 1960-",i1757655a,07/09/2014
,,i1862936a,07/09/2014
,,i1451659a,07/03/2014
On writing : a memoir of the craft,"King, Stephen, 1947-",i2011443a,06/30/2014
Contagious : why things catch on,"Berger, Jonah.",i2045434a,06/30/2014
The writing life,"Dillard, Annie.",i1277572a,06/30/2014
The alienist,"Carr, Caleb, 1955-",i1684447a,06/30/2014
"Thinking, fast and slow","Kahneman, Daniel, 1934-",i1980173a,06/30/2014
Paul [videorecording],,i1964409a,05/20/2014
Range of motion,"Berg, Elizabeth.",i1745280a,03/24/2014
Range of motion,"Berg, Elizabeth.",i1745280a,03/24/2014
,,i2086880a,03/13/2014
Let me off at the top! : my classy life & other musings,"Burgundy, Ron.",i2081569a,03/05/2014
Homeland. The complete first season [DVD].,,i2028025a,02/08/2014
,,i1689412a,02/08/2014
The woman in black [videorecording],,i2014267a,02/08/2014
,,i1628294a,01/28/2014
,,i1628294a,01/24/2014
,,i1628294a,01/24/2014
,,i1628294a,01/24/2014
The whole enchilada,"Davidson, Diane Mott.",i2066282a,12/14/2013
,,i1628294a,12/13/2013
Beggars in Spain,"Kress, Nancy.",i1549933a,12/11/2013
"The world's strongest librarian [large print] : a memoir of tourette's, faith, strength, and the power of family","Hanagarne, Joshua, 1977-",i2055046a,12/11/2013
The Love Affairs of Nathaniel P. : a Novel,"Waldman, Adelle.",i2060407a,12/11/2013
Beggars in Spain,"Kress, Nancy.",i1549933a,12/11/2013
"The world's strongest librarian [large print] : a memoir of tourette's, faith, strength, and the power of family","Hanagarne, Joshua, 1977-",i2055046a,12/10/2013
The Love Affairs of Nathaniel P. : a Novel,"Waldman, Adelle.",i2060407a,12/10/2013
When the killing's done,"Boyle, T. Coraghessan.",i1937795a,11/25/2013
Away : a novel,"Bloom, Amy, 1953-",i1747442a,11/25/2013
Away : a novel,"Bloom, Amy, 1953-",i1747442a,11/25/2013
When the killing's done,"Boyle, T. Coraghessan.",i1937795a,11/25/2013
Rethinking education in the age of technology : the digital revolution and schooling in America,"Collins, Allan, 1937-",i1986217a,11/13/2013
Rethinking education in the age of technology : the digital revolution and schooling in America,"Collins, Allan, 1937-",i1986217a,11/07/2013
,,i2031902a,11/04/2013
,,i2031902a,11/04/2013
,,i2031902a,11/04/2013
"Just behave, Pablo Picasso!","Winter, Jonah, 1962-",i1997034a,10/09/2013
After the fall : a climber's true story of facing death and finding life,"DeMartino, Craig, 1965-",i2064835a,10/09/2013
,,i2031902a,10/09/2013
,,i1905019a,09/28/2013
X-Men trilogy [Blu-ray].,,i1987231a,09/18/2013
When the killing's done,"Boyle, T. Coraghessan.",i1937795a,09/05/2013
Away : a novel,"Bloom, Amy, 1953-",i1747442a,09/05/2013
Arguably : essays,"Hitchens, Christopher.",i1971234a,09/04/2013
Away : a novel,"Bloom, Amy, 1953-",i1747442a,08/28/2013
Away : a novel,"Bloom, Amy, 1953-",i1747442a,08/26/2013
When the killing's done,"Boyle, T. Coraghessan.",i1937795a,08/19/2013
Away : a novel,"Bloom, Amy, 1953-",i1747442a,08/19/2013
Away : a novel,"Bloom, Amy, 1953-",i1747442a,08/15/2013
Away : a novel,"Bloom, Amy, 1953-",i1747442a,08/15/2013
Away : a novel,"Bloom, Amy, 1953-",i1747442a,08/15/2013
Away : a novel,"Bloom, Amy, 1953-",i1747442a,08/15/2013
Away : a novel,"Bloom, Amy, 1953-",i1747442a,08/15/2013
,,i1878857a,07/26/2013
When the killing's done,"Boyle, T. Coraghessan.",i1937795a,07/26/2013
,,i2035387a,07/23/2013
When the killing's done,"Boyle, T. Coraghessan.",i1937795a,07/11/2013
Away : a novel,"Bloom, Amy, 1953-",i1747442a,07/10/2013
,,i1878857a,07/10/2013
Away : a novel,"Bloom, Amy, 1953-",i1747442a,07/10/2013
,,i1878857a,07/10/2013
,,i1878857a,07/10/2013
Away : a novel,"Bloom, Amy, 1953-",i1747442a,07/10/2013
Away : a novel,"Bloom, Amy, 1953-",i1747442a,07/10/2013
,,i1878857a,07/10/2013
Away : a novel,"Bloom, Amy, 1953-",i1747442a,07/10/2013
,,i1878857a,07/10/2013
,,i1878857a,07/02/2013
Away : a novel,"Bloom, Amy, 1953-",i1747442a,07/02/2013
,,i1878857a,07/02/2013
When the killing's done,"Boyle, T. Coraghessan.",i1937795a,07/02/2013
Away : a novel,"Bloom, Amy, 1953-",i1747442a,07/02/2013
When the killing's done,"Boyle, T. Coraghessan.",i1937795a,07/02/2013
Away : a novel,"Bloom, Amy, 1953-",i1747442a,07/02/2013
When the killing's done,"Boyle, T. Coraghessan.",i1937795a,07/02/2013
,,i1878857a,07/02/2013
Away : a novel,"Bloom, Amy, 1953-",i1747442a,07/02/2013
,,i1410704a,07/01/2013
,,i1757577a,07/01/2013
,,i1764538a,07/01/2013
Jiu-Jitsu for beginners : an illustrated Introduction to the world's hottest martial arts discipline,"Walker, David, 1959-",i1759964a,07/01/2013
"Beyond the hoax : science, philosophy, and culture","Sokal, Alan D., 1955-",i1862652a,07/01/2013
Martial mechanics : maximum results with minimum effort in the practice of martial arts,"Starr, Phillip.",i1745087a,06/28/2013
Judo unleashed,"Ohlenkamp, Neil.",i1670647a,06/28/2013
Jiu-Jitsu for beginners : an illustrated Introduction to the world's hottest martial arts discipline,"Walker, David, 1959-",i1762691a,06/28/2013
,,i1878857a,06/27/2013
,,i1878857a,06/27/2013
Away : a novel,"Bloom, Amy, 1953-",i1747442a,06/27/2013
When the killing's done,"Boyle, T. Coraghessan.",i1937795a,06/27/2013
,,i1878857a,06/27/2013
Away : a novel,"Bloom, Amy, 1953-",i1747442a,06/27/2013
When the killing's done,"Boyle, T. Coraghessan.",i1937795a,06/27/2013
,,i1878857a,06/27/2013
Away : a novel,"Bloom, Amy, 1953-",i1747442a,06/27/2013
When the killing's done,"Boyle, T. Coraghessan.",i1937795a,06/27/2013
,,i1878857a,06/27/2013
Away : a novel,"Bloom, Amy, 1953-",i1747442a,06/27/2013
When the killing's done,"Boyle, T. Coraghessan.",i1937795a,06/27/2013
,,i1878857a,06/27/2013
Away : a novel,"Bloom, Amy, 1953-",i1747442a,06/27/2013
When the killing's done,"Boyle, T. Coraghessan.",i1937795a,06/27/2013
,,i1878857a,06/27/2013
Away : a novel,"Bloom, Amy, 1953-",i1747442a,06/27/2013
The road to Wellville,"Boyle, T. Coraghessan.",i1818468a,06/27/2013
When the killing's done,"Boyle, T. Coraghessan.",i1937795a,06/27/2013
,,i1878857a,06/27/2013
Away : a novel,"Bloom, Amy, 1953-",i1747442a,06/27/2013
The road to Wellville,"Boyle, T. Coraghessan.",i1818468a,06/27/2013
When the killing's done,"Boyle, T. Coraghessan.",i1937795a,06/27/2013
,,i1878857a,06/27/2013
Away : a novel,"Bloom, Amy, 1953-",i1747442a,06/27/2013
The road to Wellville,"Boyle, T. Coraghessan.",i1818468a,06/27/2013
When the killing's done,"Boyle, T. Coraghessan.",i1937795a,06/27/2013
,,i1878857a,06/27/2013
Away : a novel,"Bloom, Amy, 1953-",i1747442a,06/27/2013
The road to Wellville,"Boyle, T. Coraghessan.",i1818468a,06/27/2013
When the killing's done,"Boyle, T. Coraghessan.",i1937795a,06/27/2013
When the killing's done,"Boyle, T. Coraghessan.",i1937795a,06/27/2013
When the killing's done,"Boyle, T. Coraghessan.",i1937795a,06/27/2013
When the killing's done,"Boyle, T. Coraghessan.",i1937795a,06/27/2013
When the killing's done,"Boyle, T. Coraghessan.",i1937795a,06/26/2013
When the killing's done,"Boyle, T. Coraghessan.",i1937795a,06/26/2013
When the killing's done,"Boyle, T. Coraghessan.",i1937795a,06/26/2013
When the killing's done,"Boyle, T. Coraghessan.",i1937795a,06/26/2013
When the killing's done,"Boyle, T. Coraghessan.",i1937795a,06/26/2013
When the killing's done,"Boyle, T. Coraghessan.",i1937795a,06/25/2013
When the killing's done,"Boyle, T. Coraghessan.",i1937795a,06/25/2013
When the killing's done,"Boyle, T. Coraghessan.",i1937795a,06/25/2013
When the killing's done,"Boyle, T. Coraghessan.",i1937795a,06/25/2013
When the killing's done,"Boyle, T. Coraghessan.",i1937795a,06/25/2013
When the killing's done,"Boyle, T. Coraghessan.",i1937795a,06/25/2013
Bones. The complete seventh season [DVD],,i2024471a,06/21/2013
When the killing's done,"Boyle, T. Coraghessan.",i1937795a,06/19/2013
When the killing's done,"Boyle, T. Coraghessan.",i1937795a,06/19/2013
When the killing's done,"Boyle, T. Coraghessan.",i1937795a,06/19/2013
When the killing's done,"Boyle, T. Coraghessan.",i1937795a,06/19/2013
When the killing's done,"Boyle, T. Coraghessan.",i1937795a,06/19/2013
When the killing's done,"Boyle, T. Coraghessan.",i1937795a,06/19/2013
When the killing's done,"Boyle, T. Coraghessan.",i1937795a,06/17/2013
When the killing's done,"Boyle, T. Coraghessan.",i1937795a,06/17/2013
When the killing's done,"Boyle, T. Coraghessan.",i1937795a,06/17/2013
When the killing's done,"Boyle, T. Coraghessan.",i1937795a,06/17/2013
When the killing's done,"Boyle, T. Coraghessan.",i1937795a,06/17/2013
When the killing's done,"Boyle, T. Coraghessan.",i1937795a,06/17/2013
When the killing's done,"Boyle, T. Coraghessan.",i1937795a,06/17/2013
When the killing's done,"Boyle, T. Coraghessan.",i1937795a,06/10/2013
When the killing's done,"Boyle, T. Coraghessan.",i1937795a,06/10/2013
When the killing's done,"Boyle, T. Coraghessan.",i1937795a,06/10/2013
When the killing's done,"Boyle, T. Coraghessan.",i1937795a,06/10/2013
,,i1740698a,06/05/2013
The Christmas sweater,"Beck, Glenn.",i1743693a,06/03/2013
Home for Christmas,"Greeley, Andrew M., 1928-",i1861189a,06/03/2013
"Advanced chess : rules, skills, tactics and strategic play, a complete step-by-step guide to mastering the game, with more than 300 practical photographs and artworks","Saunders, John, 1953-",i1851478a,06/03/2013
Winning chess endings,"Seirawan, Yasser, 1960-",i1851518a,06/03/2013
,,i1907564a,06/03/2013
"The shepherd, the angel, and Walter the Christmas miracle dog","Barry, Dave.",i1770432a,06/03/2013
,,i1410704a,05/31/2013
,,i1834482a,05/31/2013
,,i1878857a,05/24/2013
The Christmas sweater,"Beck, Glenn.",i1743693a,05/24/2013
"The shepherd, the angel, and Walter the Christmas miracle dog","Barry, Dave.",i1770432a,05/24/2013
,,i1404996a,05/24/2013
My extra best friend,"Bowe, Julie, 1962-",i2028822a,05/24/2013
Low pressure,"Brown, Sandra, 1948-",i2021448a,05/24/2013
The postmistress,"Blake, Sarah, 1960-",i1883449a,05/24/2013
Roan,"Blake, Jennifer, 1942-",i1999255a,05/24/2013
,,i1299413a,05/24/2013
Stardines swim high across the sky and other poems,"Prelutsky, Jack.",i2040152a,05/23/2013
Follow follow : a book of reverso poems,"Singer, Marilyn.",i2036554a,05/23/2013
Amazing giant dinosaurs,"Greenwood, Marie.",i2009035a,05/23/2013
,,i2051753a,05/23/2013
Moshi monsters : character encyclopedia,"Cleverley, Steve.",i2038782a,05/23/2013
,,i1257684a,05/23/2013
,,i1878857a,05/23/2013
Hoop genius : how a desperate teacher and a rowdy gym class invented basketball,"Coy, John.",i2040914a,05/23/2013
Downfall : an intervention novel,"Blackstock, Terri, 1957-",i1987744a,05/22/2013
The secret soldier,"Berenson, Alex.",i1938424a,05/22/2013
Mapp & Lucia : a novel,"Benson, E. F. (Edward Frederic), 1867-1940.",i1707453a,05/22/2013
Double minds : a novel,"Blackstock, Terri, 1957-",i1775629a,05/22/2013
,,i1745355a,05/22/2013
,,i1609655a,05/22/2013
,,i1745356a,05/22/2013
To sell is human : the surprising truth about moving others,"Pink, Daniel H.",i2037515a,05/16/2013
,,i1920844a,05/16/2013
,,i1853703a,05/16/2013
Drive : the surprising truth about what motivates us,"Pink, Daniel H.",i1885578a,03/25/2013
Drive : the surprising truth about what motivates us,"Pink, Daniel H.",i1885578a,03/22/2013
"Elliott's chess school. Level 1, Pawn level [videorecording].",,i1941009a,03/18/2013
"Advanced chess : rules, skills, tactics and strategic play, a complete step-by-step guide to mastering the game, with more than 300 practical photographs and artworks","Saunders, John, 1953-",i1851478a,03/15/2013
Drive : the surprising truth about what motivates us,"Pink, Daniel H.",i1885578a,03/15/2013
Chess success : planning after the opening,"McDonald, Neil.",i1853705a,03/15/2013
